

Insert into REGIONS (OBJ_ID,REGIONID,REGIONNAME) values (1000000,1,'Europe');
Insert into REGIONS (OBJ_ID,REGIONID,REGIONNAME) values (1000001,2,'Americas');
Insert into REGIONS (OBJ_ID,REGIONID,REGIONNAME) values (1000002,3,'Asia');
Insert into REGIONS (OBJ_ID,REGIONID,REGIONNAME) values (1000003,4,'Middle East and Africa');

update REGIONS set optlock =0;

Insert into COUNTRIES (OBJ_ID,COUNTRYID,COUNTRYNAME,REGIONID) values (1000004,'AR','Argentina',2);
Insert into COUNTRIES (OBJ_ID,COUNTRYID,COUNTRYNAME,REGIONID) values (1000005,'AU','Australia',3);
Insert into COUNTRIES (OBJ_ID,COUNTRYID,COUNTRYNAME,REGIONID) values (1000006,'BE','Belgium',1);
Insert into COUNTRIES (OBJ_ID,COUNTRYID,COUNTRYNAME,REGIONID) values (1000007,'BR','Brazil',2);
Insert into COUNTRIES (OBJ_ID,COUNTRYID,COUNTRYNAME,REGIONID) values (1000008,'CA','Canada',2);
Insert into COUNTRIES (OBJ_ID,COUNTRYID,COUNTRYNAME,REGIONID) values (1000009,'CH','Switzerland',1);
Insert into COUNTRIES (OBJ_ID,COUNTRYID,COUNTRYNAME,REGIONID) values (1000010,'CN','China',3);
Insert into COUNTRIES (OBJ_ID,COUNTRYID,COUNTRYNAME,REGIONID) values (1000011,'DE','Germany',1);
Insert into COUNTRIES (OBJ_ID,COUNTRYID,COUNTRYNAME,REGIONID) values (1000012,'DK','Denmark',1);
Insert into COUNTRIES (OBJ_ID,COUNTRYID,COUNTRYNAME,REGIONID) values (1000013,'EG','Egypt',4);
Insert into COUNTRIES (OBJ_ID,COUNTRYID,COUNTRYNAME,REGIONID) values (1000014,'FR','France',1);
Insert into COUNTRIES (OBJ_ID,COUNTRYID,COUNTRYNAME,REGIONID) values (1000015,'HK','HongKong',3);
Insert into COUNTRIES (OBJ_ID,COUNTRYID,COUNTRYNAME,REGIONID) values (1000016,'IL','Israel',4);
Insert into COUNTRIES (OBJ_ID,COUNTRYID,COUNTRYNAME,REGIONID) values (1000017,'IN','India',3);
Insert into COUNTRIES (OBJ_ID,COUNTRYID,COUNTRYNAME,REGIONID) values (1000018,'IT','Italy',1);
Insert into COUNTRIES (OBJ_ID,COUNTRYID,COUNTRYNAME,REGIONID) values (1000019,'JP','Japan',3);
Insert into COUNTRIES (OBJ_ID,COUNTRYID,COUNTRYNAME,REGIONID) values (1000020,'KW','Kuwait',4);
Insert into COUNTRIES (OBJ_ID,COUNTRYID,COUNTRYNAME,REGIONID) values (1000021,'MX','Mexico',2);
Insert into COUNTRIES (OBJ_ID,COUNTRYID,COUNTRYNAME,REGIONID) values (1000022,'NG','Nigeria',4);
Insert into COUNTRIES (OBJ_ID,COUNTRYID,COUNTRYNAME,REGIONID) values (1001022,'NL','Netherlands',1);
Insert into COUNTRIES (OBJ_ID,COUNTRYID,COUNTRYNAME,REGIONID) values (1000024,'SG','Singapore',3);
Insert into COUNTRIES (OBJ_ID,COUNTRYID,COUNTRYNAME,REGIONID) values (1000025,'UK','United Kingdom',1);
Insert into COUNTRIES (OBJ_ID,COUNTRYID,COUNTRYNAME,REGIONID) values (1000026,'US','United States of America',2);
Insert into COUNTRIES (OBJ_ID,COUNTRYID,COUNTRYNAME,REGIONID) values (1000027,'ZM','Zambia',4);
Insert into COUNTRIES (OBJ_ID,COUNTRYID,COUNTRYNAME,REGIONID) values (1000028,'ZW','Zimbabwe',4);


update COUNTRIES set optlock =0;

Insert into JOBS (OBJ_ID,JOBID,JOBTITLE,MINSALARY,MAXSALARY) values (1000029,'AD_PRES','President',20000,40000);
Insert into JOBS (OBJ_ID,JOBID,JOBTITLE,MINSALARY,MAXSALARY) values (1000030,'AD_VP','Administration Vice President',15000,30000);
Insert into JOBS (OBJ_ID,JOBID,JOBTITLE,MINSALARY,MAXSALARY) values (1000031,'AD_ASST','Administration Assistant',3000,6000);
Insert into JOBS (OBJ_ID,JOBID,JOBTITLE,MINSALARY,MAXSALARY) values (1000032,'FI_MGR','Finance Manager',8200,16000);
Insert into JOBS (OBJ_ID,JOBID,JOBTITLE,MINSALARY,MAXSALARY) values (1000033,'FI_ACCOUNT','Accountant',4200,9000);
Insert into JOBS (OBJ_ID,JOBID,JOBTITLE,MINSALARY,MAXSALARY) values (1000034,'AC_MGR','Accounting Manager',8200,16000);
Insert into JOBS (OBJ_ID,JOBID,JOBTITLE,MINSALARY,MAXSALARY) values (1000035,'AC_ACCOUNT','Public Accountant',4200,9000);
Insert into JOBS (OBJ_ID,JOBID,JOBTITLE,MINSALARY,MAXSALARY) values (1000036,'SA_MAN','Sales Manager',10000,20000);
Insert into JOBS (OBJ_ID,JOBID,JOBTITLE,MINSALARY,MAXSALARY) values (1001036,'SA_REP','Sales Representative',6000,12000);
Insert into JOBS (OBJ_ID,JOBID,JOBTITLE,MINSALARY,MAXSALARY) values (1000038,'PU_MAN','Purchasing Manager',8000,15000);
Insert into JOBS (OBJ_ID,JOBID,JOBTITLE,MINSALARY,MAXSALARY) values (1000039,'PU_CLERK','Purchasing Clerk',2500,5500);
Insert into JOBS (OBJ_ID,JOBID,JOBTITLE,MINSALARY,MAXSALARY) values (1000040,'ST_MAN','Stock Manager',5500,8500);
Insert into JOBS (OBJ_ID,JOBID,JOBTITLE,MINSALARY,MAXSALARY) values (1000041,'ST_CLERK','Stock Clerk',2000,5000);
Insert into JOBS (OBJ_ID,JOBID,JOBTITLE,MINSALARY,MAXSALARY) values (1000042,'SH_CLERK','Shipping Clerk',2500,5500);
Insert into JOBS (OBJ_ID,JOBID,JOBTITLE,MINSALARY,MAXSALARY) values (1000043,'IT_PROG','Programmer',4000,10000);
Insert into JOBS (OBJ_ID,JOBID,JOBTITLE,MINSALARY,MAXSALARY) values (1000044,'MK_MAN','Marketing Manager',9000,15000);
Insert into JOBS (OBJ_ID,JOBID,JOBTITLE,MINSALARY,MAXSALARY) values (1000045,'MK_REP','Marketing Representative',4000,9000);
Insert into JOBS (OBJ_ID,JOBID,JOBTITLE,MINSALARY,MAXSALARY) values (1000046,'REP','Human Resources Representative',4000,9000);
Insert into JOBS (OBJ_ID,JOBID,JOBTITLE,MINSALARY,MAXSALARY) values (1000047,'PR_REP','Public Relations Representative',4500,10500);

update JOBS set optlock =0;

Insert into LOCATIONS (OBJ_ID,LOCATIONID,STREETADDRESS,POSTALCODE,CITY,STATEPROVINCE,COUNTRYID) values ( 1000048,123,'rfwrw','3423','SDFSDF',null,'AU');
Insert into LOCATIONS (OBJ_ID,LOCATIONID,STREETADDRESS,POSTALCODE,CITY,STATEPROVINCE,COUNTRYID) values ( 1000049,1000,'1297 Via Cola di Rie','00989','Roma',null,'IT');
Insert into LOCATIONS (OBJ_ID,LOCATIONID,STREETADDRESS,POSTALCODE,CITY,STATEPROVINCE,COUNTRYID) values ( 1000050,1100,'93091 Calle della Testa','10934','Venice',null,'IT');
Insert into LOCATIONS (OBJ_ID,LOCATIONID,STREETADDRESS,POSTALCODE,CITY,STATEPROVINCE,COUNTRYID) values ( 1000051,1200,'2017 Shinjuku-ku','1689','Tokyo','Tokyo Prefecture','JP');
Insert into LOCATIONS (OBJ_ID,LOCATIONID,STREETADDRESS,POSTALCODE,CITY,STATEPROVINCE,COUNTRYID) values ( 1000052,1300,'9450 Kamiya-cho','6823','Hiroshima',null,'JP');
Insert into LOCATIONS (OBJ_ID,LOCATIONID,STREETADDRESS,POSTALCODE,CITY,STATEPROVINCE,COUNTRYID) values ( 1000053,1400,'2014 Jabberwocky Rd','26192','Southlake','Texas','US');
Insert into LOCATIONS (OBJ_ID,LOCATIONID,STREETADDRESS,POSTALCODE,CITY,STATEPROVINCE,COUNTRYID) values ( 1000054,1500,'2011 Interiors Blvd','99236','South San Francisco','California','US');
Insert into LOCATIONS (OBJ_ID,LOCATIONID,STREETADDRESS,POSTALCODE,CITY,STATEPROVINCE,COUNTRYID) values ( 1000055,1600,'2007 Zagora St','50090','South Brunswick','New Jersey','US');
Insert into LOCATIONS (OBJ_ID,LOCATIONID,STREETADDRESS,POSTALCODE,CITY,STATEPROVINCE,COUNTRYID) values ( 1000056,1700,'2004 Charade Rd','98199','Seattle','Washington','US');
Insert into LOCATIONS (OBJ_ID,LOCATIONID,STREETADDRESS,POSTALCODE,CITY,STATEPROVINCE,COUNTRYID) values ( 1000057,1800,'147 Spadina Ave','M5V 2L7','Toronto','Ontario','CA');
Insert into LOCATIONS (OBJ_ID,LOCATIONID,STREETADDRESS,POSTALCODE,CITY,STATEPROVINCE,COUNTRYID) values ( 1000058,1900,'6092 Boxwood St','YSW 9T2','Whitehorse','Yukon','CA');
Insert into LOCATIONS (OBJ_ID,LOCATIONID,STREETADDRESS,POSTALCODE,CITY,STATEPROVINCE,COUNTRYID) values ( 1000059,2000,'40-5-12 Laogianggen','190518','Beijing',null,'CN');
Insert into LOCATIONS (OBJ_ID,LOCATIONID,STREETADDRESS,POSTALCODE,CITY,STATEPROVINCE,COUNTRYID) values ( 1000060,2100,'1298 Vileparle (E)','490231','Bombay','Maharashtra','IN');
Insert into LOCATIONS (OBJ_ID,LOCATIONID,STREETADDRESS,POSTALCODE,CITY,STATEPROVINCE,COUNTRYID) values ( 1000061,2200,'12-98 Victoria Street','2901','Sydney','New South Wales','AU');
Insert into LOCATIONS (OBJ_ID,LOCATIONID,STREETADDRESS,POSTALCODE,CITY,STATEPROVINCE,COUNTRYID) values ( 1000062,2300,'198 Clementi North','540198','Singapore',null,'SG');
Insert into LOCATIONS (OBJ_ID,LOCATIONID,STREETADDRESS,POSTALCODE,CITY,STATEPROVINCE,COUNTRYID) values ( 1000063,2400,'8204 Arthur St',null,'London',null,'UK');
Insert into LOCATIONS (OBJ_ID,LOCATIONID,STREETADDRESS,POSTALCODE,CITY,STATEPROVINCE,COUNTRYID) values ( 1000064,2500,'Magdalen Centre, The Oxford Science Park','OX9 9ZB','Oxford','Oxford','UK');
Insert into LOCATIONS (OBJ_ID,LOCATIONID,STREETADDRESS,POSTALCODE,CITY,STATEPROVINCE,COUNTRYID) values ( 1000065,2600,'9702 Chester Road','09629850293','Stretford','Manchester','UK');
Insert into LOCATIONS (OBJ_ID,LOCATIONID,STREETADDRESS,POSTALCODE,CITY,STATEPROVINCE,COUNTRYID) values ( 1000066,2700,'Schwanthalerstr. 7031','80925','Munich','Bavaria','DE');
Insert into LOCATIONS (OBJ_ID,LOCATIONID,STREETADDRESS,POSTALCODE,CITY,STATEPROVINCE,COUNTRYID) values ( 1000067,2800,'Rua Frei Caneca 1360 ','01307-002','Sao Paulo','Sao Paulo','BR');
Insert into LOCATIONS (OBJ_ID,LOCATIONID,STREETADDRESS,POSTALCODE,CITY,STATEPROVINCE,COUNTRYID) values ( 1000068,2900,'20 Rue des Corps-Saints','1730','Geneva','Geneve','CH');
Insert into LOCATIONS (OBJ_ID,LOCATIONID,STREETADDRESS,POSTALCODE,CITY,STATEPROVINCE,COUNTRYID) values ( 1000069,3000,'Murtenstrasse 921','3095','Bern','BE','CH');
Insert into LOCATIONS (OBJ_ID,LOCATIONID,STREETADDRESS,POSTALCODE,CITY,STATEPROVINCE,COUNTRYID) values ( 1000070,3100,'Pieter Breughelstraat 837','3029SK','Utrecht','Utrecht','NL');
Insert into LOCATIONS (OBJ_ID,LOCATIONID,STREETADDRESS,POSTALCODE,CITY,STATEPROVINCE,COUNTRYID) values ( 1000071,3200,'Mariano Escobedo 9991','11932','Mexico City','Distrito Federal,','MX');

update LOCATIONS set optlock =0;


Insert into DEPARTMENTS (OBJ_ID,DEPARTMENTID,DEPARTMENTNAME,MANAGERID,LOCATIONID) values ( 10,10,'Administration',200,1700);
Insert into DEPARTMENTS (OBJ_ID,DEPARTMENTID,DEPARTMENTNAME,MANAGERID,LOCATIONID) values ( 20,20,'Marketing',201,1800);
Insert into DEPARTMENTS (OBJ_ID,DEPARTMENTID,DEPARTMENTNAME,MANAGERID,LOCATIONID) values ( 30,30,'Purchasing',114,1700);
Insert into DEPARTMENTS (OBJ_ID,DEPARTMENTID,DEPARTMENTNAME,MANAGERID,LOCATIONID) values ( 40,40,'Human Resources',203,2400);
Insert into DEPARTMENTS (OBJ_ID,DEPARTMENTID,DEPARTMENTNAME,MANAGERID,LOCATIONID) values ( 50,50,'Shipping',121,1500);
Insert into DEPARTMENTS (OBJ_ID,DEPARTMENTID,DEPARTMENTNAME,MANAGERID,LOCATIONID) values ( 60,60,'IT',103,1400);
Insert into DEPARTMENTS (OBJ_ID,DEPARTMENTID,DEPARTMENTNAME,MANAGERID,LOCATIONID) values ( 70,70,'Public Relations',204,2700);
Insert into DEPARTMENTS (OBJ_ID,DEPARTMENTID,DEPARTMENTNAME,MANAGERID,LOCATIONID) values ( 80,80,'Sales',145,2500);
Insert into DEPARTMENTS (OBJ_ID,DEPARTMENTID,DEPARTMENTNAME,MANAGERID,LOCATIONID) values ( 90,90,'Executive',100,1700);
Insert into DEPARTMENTS (OBJ_ID,DEPARTMENTID,DEPARTMENTNAME,MANAGERID,LOCATIONID) values ( 100,100,'Finance',108,1700);
Insert into DEPARTMENTS (OBJ_ID,DEPARTMENTID,DEPARTMENTNAME,MANAGERID,LOCATIONID) values ( 110,110,'Accounting',205,1700);
Insert into DEPARTMENTS (OBJ_ID,DEPARTMENTID,DEPARTMENTNAME,MANAGERID,LOCATIONID) values ( 120,120,'Treasury',null,1700);
Insert into DEPARTMENTS (OBJ_ID,DEPARTMENTID,DEPARTMENTNAME,MANAGERID,LOCATIONID) values ( 130,130,'Corporate Tax',null,1700);
Insert into DEPARTMENTS (OBJ_ID,DEPARTMENTID,DEPARTMENTNAME,MANAGERID,LOCATIONID) values ( 140,140,'Control And Credit',null,1700);
Insert into DEPARTMENTS (OBJ_ID,DEPARTMENTID,DEPARTMENTNAME,MANAGERID,LOCATIONID) values ( 150,150,'Shareholder Services',null,1700);
Insert into DEPARTMENTS (OBJ_ID,DEPARTMENTID,DEPARTMENTNAME,MANAGERID,LOCATIONID) values ( 160,160,'Benefits',null,1700);
Insert into DEPARTMENTS (OBJ_ID,DEPARTMENTID,DEPARTMENTNAME,MANAGERID,LOCATIONID) values ( 170,170,'Manufacturing',null,1700);
Insert into DEPARTMENTS (OBJ_ID,DEPARTMENTID,DEPARTMENTNAME,MANAGERID,LOCATIONID) values ( 180,180,'Construction',null,1700);
Insert into DEPARTMENTS (OBJ_ID,DEPARTMENTID,DEPARTMENTNAME,MANAGERID,LOCATIONID) values ( 190,190,'Contracting',null,1700);
Insert into DEPARTMENTS (OBJ_ID,DEPARTMENTID,DEPARTMENTNAME,MANAGERID,LOCATIONID) values ( 200,200,'Operations',null,1700);
Insert into DEPARTMENTS (OBJ_ID,DEPARTMENTID,DEPARTMENTNAME,MANAGERID,LOCATIONID) values ( 210,210,'IT Support',null,1700);
Insert into DEPARTMENTS (OBJ_ID,DEPARTMENTID,DEPARTMENTNAME,MANAGERID,LOCATIONID) values ( 220,220,'NOC',null,1700);
Insert into DEPARTMENTS (OBJ_ID,DEPARTMENTID,DEPARTMENTNAME,MANAGERID,LOCATIONID) values ( 230,230,'IT Helpdesk',null,1700);
Insert into DEPARTMENTS (OBJ_ID,DEPARTMENTID,DEPARTMENTNAME,MANAGERID,LOCATIONID) values ( 240,240,'Government Sales',null,1700);
Insert into DEPARTMENTS (OBJ_ID,DEPARTMENTID,DEPARTMENTNAME,MANAGERID,LOCATIONID) values ( 250,250,'Retail Sales',null,1700);
Insert into DEPARTMENTS (OBJ_ID,DEPARTMENTID,DEPARTMENTNAME,MANAGERID,LOCATIONID) values ( 260,260,'Recruiting',null,1700);
Insert into DEPARTMENTS (OBJ_ID,DEPARTMENTID,DEPARTMENTNAME,MANAGERID,LOCATIONID) values ( 270,270,'Payroll',null,1700);



update departments set optlock =0;




Insert into DEPT (OBJ_ID,DEPTNO,DNAME,LOC) values ( 1000099,10,'ACCOUNTING','NEW YORK');
Insert into DEPT (OBJ_ID,DEPTNO,DNAME,LOC) values ( 1000100,20,'RESEARCH','DALLAS');
Insert into DEPT (OBJ_ID,DEPTNO,DNAME,LOC) values ( 1000101,30,'SALES','CHICAGO');
Insert into DEPT (OBJ_ID,DEPTNO,DNAME,LOC) values ( 1000102,40,'OPERATIONS','BOSTON');




Insert into EMP (OBJ_ID,EMPNO,ENAME,JOB,MGR,HIREDATE,SAL,COMM,DEPTNO) values ( 1000104,7369,'SMITH','CLERK',7902,to_timestamp('17-DEC-80','DD-MON-RR HH.MI.SSXFF AM'),800,null,20);
Insert into EMP (OBJ_ID,EMPNO,ENAME,JOB,MGR,HIREDATE,SAL,COMM,DEPTNO) values ( 1000105,7499,'ALLEN','SALESMAN',7698,to_timestamp('20-FEB-81','DD-MON-RR HH.MI.SSXFF AM'),1600,300,30);
Insert into EMP (OBJ_ID,EMPNO,ENAME,JOB,MGR,HIREDATE,SAL,COMM,DEPTNO) values ( 1000106,7521,'WARD','SALESMAN',7698,to_timestamp('22-FEB-81','DD-MON-RR HH.MI.SSXFF AM'),1250,500,30);
Insert into EMP (OBJ_ID,EMPNO,ENAME,JOB,MGR,HIREDATE,SAL,COMM,DEPTNO) values ( 1000107,7566,'JONES','MANAGER',7839,to_timestamp('02-APR-81','DD-MON-RR HH.MI.SSXFF AM'),2975,null,20);
Insert into EMP (OBJ_ID,EMPNO,ENAME,JOB,MGR,HIREDATE,SAL,COMM,DEPTNO) values ( 1000108,7654,'MARTIN','SALESMAN',7698,to_timestamp('28-SEP-81','DD-MON-RR HH.MI.SSXFF AM'),1250,1400,30);
Insert into EMP (OBJ_ID,EMPNO,ENAME,JOB,MGR,HIREDATE,SAL,COMM,DEPTNO) values ( 1000109,7698,'BLAKE','MANAGER',7839,to_timestamp('01-MAY-81','DD-MON-RR HH.MI.SSXFF AM'),2850,null,30);
Insert into EMP (OBJ_ID,EMPNO,ENAME,JOB,MGR,HIREDATE,SAL,COMM,DEPTNO) values ( 1000110,7782,'CLARK','MANAGER',7839,to_timestamp('09-JUN-81','DD-MON-RR HH.MI.SSXFF AM'),2450,null,10);
Insert into EMP (OBJ_ID,EMPNO,ENAME,JOB,MGR,HIREDATE,SAL,COMM,DEPTNO) values ( 1000111,7788,'SCOTT','ANALYST',7566,to_timestamp('19-APR-87','DD-MON-RR HH.MI.SSXFF AM'),3000,null,20);
Insert into EMP (OBJ_ID,EMPNO,ENAME,JOB,MGR,HIREDATE,SAL,COMM,DEPTNO) values ( 1000112,7839,'KING','PRESIDENT',null,to_timestamp('17-NOV-81','DD-MON-RR HH.MI.SSXFF AM'),5000,null,10);
Insert into EMP (OBJ_ID,EMPNO,ENAME,JOB,MGR,HIREDATE,SAL,COMM,DEPTNO) values ( 1000113,7844,'TURNER','SALESMAN',7698,to_timestamp('08-SEP-81','DD-MON-RR HH.MI.SSXFF AM'),1500,0,30);
Insert into EMP (OBJ_ID,EMPNO,ENAME,JOB,MGR,HIREDATE,SAL,COMM,DEPTNO) values ( 1000114,7876,'ADAMS','CLERK',7788,to_timestamp('23-MAY-87','DD-MON-RR HH.MI.SSXFF AM'),1100,null,20);
Insert into EMP (OBJ_ID,EMPNO,ENAME,JOB,MGR,HIREDATE,SAL,COMM,DEPTNO) values ( 1000115,7900,'JAMES','CLERK',7698,to_timestamp('03-DEC-81','DD-MON-RR HH.MI.SSXFF AM'),950,null,30);
Insert into EMP (OBJ_ID,EMPNO,ENAME,JOB,MGR,HIREDATE,SAL,COMM,DEPTNO) values ( 1000116,7902,'FORD','ANALYST',7566,to_timestamp('03-DEC-81','DD-MON-RR HH.MI.SSXFF AM'),3000,null,20);
Insert into EMP (OBJ_ID,EMPNO,ENAME,JOB,MGR,HIREDATE,SAL,COMM,DEPTNO) values ( 1000117,7934,'MILLER','CLERK',7782,to_timestamp('23-JAN-82','DD-MON-RR HH.MI.SSXFF AM'),1300,null,10);



Insert into EMPLOYEES (OBJ_ID,EMPLOYEEID,FIRSTNAME,LASTNAME,EMAIL,PHONENUMBER,HIREDATE,JOBID,SALARY,COMMISSIONPCT,MANAGERID,DEPARTMENTID) values ( 100,100,'Steven','King','SKING','515.123.4567',to_timestamp('17-JUN-87','DD-MON-RR'),'AD_PRES',24000,null,null,90);
Insert into EMPLOYEES (OBJ_ID,EMPLOYEEID,FIRSTNAME,LASTNAME,EMAIL,PHONENUMBER,HIREDATE,JOBID,SALARY,COMMISSIONPCT,MANAGERID,DEPARTMENTID) values ( 101,101,'Neena','Kochhar','NKOCHHAR','515.123.4568',to_timestamp('21-SEP-89','DD-MON-RR'),'AD_VP',17000,null,100,90);
Insert into EMPLOYEES (OBJ_ID,EMPLOYEEID,FIRSTNAME,LASTNAME,EMAIL,PHONENUMBER,HIREDATE,JOBID,SALARY,COMMISSIONPCT,MANAGERID,DEPARTMENTID) values ( 102,102,'Lex','De Haan','LDEHAAN','515.123.4569',to_timestamp('13-JAN-93','DD-MON-RR'),'AD_VP',17000,null,100,90);
Insert into EMPLOYEES (OBJ_ID,EMPLOYEEID,FIRSTNAME,LASTNAME,EMAIL,PHONENUMBER,HIREDATE,JOBID,SALARY,COMMISSIONPCT,MANAGERID,DEPARTMENTID) values ( 103,103,'Alexander','Hunold','AHUNOLD','590.423.4567',to_timestamp('03-JAN-90','DD-MON-RR'),'IT_PROG',9000,null,102,60);
Insert into EMPLOYEES (OBJ_ID,EMPLOYEEID,FIRSTNAME,LASTNAME,EMAIL,PHONENUMBER,HIREDATE,JOBID,SALARY,COMMISSIONPCT,MANAGERID,DEPARTMENTID) values ( 104,104,'Bruce','Ernst','BERNST','590.423.4568',to_timestamp('21-MAY-91','DD-MON-RR'),'IT_PROG',6000,null,103,60);
Insert into EMPLOYEES (OBJ_ID,EMPLOYEEID,FIRSTNAME,LASTNAME,EMAIL,PHONENUMBER,HIREDATE,JOBID,SALARY,COMMISSIONPCT,MANAGERID,DEPARTMENTID) values ( 105,105,'David','Austin','DAUSTIN','590.423.4569',to_timestamp('25-JUN-97','DD-MON-RR'),'IT_PROG',4800,null,103,60);
Insert into EMPLOYEES (OBJ_ID,EMPLOYEEID,FIRSTNAME,LASTNAME,EMAIL,PHONENUMBER,HIREDATE,JOBID,SALARY,COMMISSIONPCT,MANAGERID,DEPARTMENTID) values ( 106,106,'Valli','Pataballa','VPATABAL','590.423.4560',to_timestamp('05-FEB-98','DD-MON-RR'),'IT_PROG',4800,null,103,60);
Insert into EMPLOYEES (OBJ_ID,EMPLOYEEID,FIRSTNAME,LASTNAME,EMAIL,PHONENUMBER,HIREDATE,JOBID,SALARY,COMMISSIONPCT,MANAGERID,DEPARTMENTID) values ( 107,107,'Diana','Lorentz','DLORENTZ','590.423.5567',to_timestamp('07-FEB-99','DD-MON-RR'),'IT_PROG',4200,null,103,60);
Insert into EMPLOYEES (OBJ_ID,EMPLOYEEID,FIRSTNAME,LASTNAME,EMAIL,PHONENUMBER,HIREDATE,JOBID,SALARY,COMMISSIONPCT,MANAGERID,DEPARTMENTID) values ( 108,108,'Nancy','Greenberg','NGREENBE','515.124.4569',to_timestamp('17-AUG-94','DD-MON-RR'),'FI_MGR',12000,null,101,100);
Insert into EMPLOYEES (OBJ_ID,EMPLOYEEID,FIRSTNAME,LASTNAME,EMAIL,PHONENUMBER,HIREDATE,JOBID,SALARY,COMMISSIONPCT,MANAGERID,DEPARTMENTID) values ( 109,109,'Daniel','Faviet','DFAVIET','515.124.4169',to_timestamp('16-AUG-94','DD-MON-RR'),'FI_ACCOUNT',9000,null,108,100);
Insert into EMPLOYEES (OBJ_ID,EMPLOYEEID,FIRSTNAME,LASTNAME,EMAIL,PHONENUMBER,HIREDATE,JOBID,SALARY,COMMISSIONPCT,MANAGERID,DEPARTMENTID) values ( 110,110,'John','Chen','JCHEN','515.124.4269',to_timestamp('28-SEP-97','DD-MON-RR'),'FI_ACCOUNT',8200,null,108,100);
Insert into EMPLOYEES (OBJ_ID,EMPLOYEEID,FIRSTNAME,LASTNAME,EMAIL,PHONENUMBER,HIREDATE,JOBID,SALARY,COMMISSIONPCT,MANAGERID,DEPARTMENTID) values ( 111,111,'Ismael','Sciarra','ISCIARRA','515.124.4369',to_timestamp('30-SEP-97','DD-MON-RR'),'FI_ACCOUNT',7700,null,108,100);
Insert into EMPLOYEES (OBJ_ID,EMPLOYEEID,FIRSTNAME,LASTNAME,EMAIL,PHONENUMBER,HIREDATE,JOBID,SALARY,COMMISSIONPCT,MANAGERID,DEPARTMENTID) values ( 112,112,'Jose Manuel','Urman','JMURMAN','515.124.4469',to_timestamp('07-MAR-98','DD-MON-RR'),'FI_ACCOUNT',7800,null,108,100);
Insert into EMPLOYEES (OBJ_ID,EMPLOYEEID,FIRSTNAME,LASTNAME,EMAIL,PHONENUMBER,HIREDATE,JOBID,SALARY,COMMISSIONPCT,MANAGERID,DEPARTMENTID) values ( 113,113,'Luis','Popp','LPOPP','515.124.4567',to_timestamp('07-DEC-99','DD-MON-RR'),'FI_ACCOUNT',6900,null,108,100);
Insert into EMPLOYEES (OBJ_ID,EMPLOYEEID,FIRSTNAME,LASTNAME,EMAIL,PHONENUMBER,HIREDATE,JOBID,SALARY,COMMISSIONPCT,MANAGERID,DEPARTMENTID) values ( 114,114,'Den','Raphaely','DRAPHEAL','515.127.4561',to_timestamp('07-DEC-94','DD-MON-RR'),'PU_MAN',11000,null,100,30);
Insert into EMPLOYEES (OBJ_ID,EMPLOYEEID,FIRSTNAME,LASTNAME,EMAIL,PHONENUMBER,HIREDATE,JOBID,SALARY,COMMISSIONPCT,MANAGERID,DEPARTMENTID) values ( 115,115,'Alexander','Khoo','AKHOO','515.127.4562',to_timestamp('18-MAY-95','DD-MON-RR'),'PU_CLERK',3100,null,114,30);
Insert into EMPLOYEES (OBJ_ID,EMPLOYEEID,FIRSTNAME,LASTNAME,EMAIL,PHONENUMBER,HIREDATE,JOBID,SALARY,COMMISSIONPCT,MANAGERID,DEPARTMENTID) values ( 116,116,'Shelli','Baida','SBAIDA','515.127.4563',to_timestamp('24-DEC-97','DD-MON-RR'),'PU_CLERK',2900,null,114,30);
Insert into EMPLOYEES (OBJ_ID,EMPLOYEEID,FIRSTNAME,LASTNAME,EMAIL,PHONENUMBER,HIREDATE,JOBID,SALARY,COMMISSIONPCT,MANAGERID,DEPARTMENTID) values ( 117,117,'Sigal','Tobias','STOBIAS','515.127.4564',to_timestamp('24-JUL-97','DD-MON-RR'),'PU_CLERK',2800,null,114,30);
Insert into EMPLOYEES (OBJ_ID,EMPLOYEEID,FIRSTNAME,LASTNAME,EMAIL,PHONENUMBER,HIREDATE,JOBID,SALARY,COMMISSIONPCT,MANAGERID,DEPARTMENTID) values ( 118,118,'Guy','Himuro','GHIMURO','515.127.4565',to_timestamp('15-NOV-98','DD-MON-RR'),'PU_CLERK',2600,null,114,30);
Insert into EMPLOYEES (OBJ_ID,EMPLOYEEID,FIRSTNAME,LASTNAME,EMAIL,PHONENUMBER,HIREDATE,JOBID,SALARY,COMMISSIONPCT,MANAGERID,DEPARTMENTID) values ( 119,119,'Karen','Colmenares','KCOLMENA','515.127.4566',to_timestamp('10-AUG-99','DD-MON-RR'),'PU_CLERK',2500,null,114,30);
Insert into EMPLOYEES (OBJ_ID,EMPLOYEEID,FIRSTNAME,LASTNAME,EMAIL,PHONENUMBER,HIREDATE,JOBID,SALARY,COMMISSIONPCT,MANAGERID,DEPARTMENTID) values ( 120,120,'Matthew','Weiss','MWEISS','650.123.1234',to_timestamp('18-JUL-96','DD-MON-RR'),'ST_MAN',8000,null,100,50);
Insert into EMPLOYEES (OBJ_ID,EMPLOYEEID,FIRSTNAME,LASTNAME,EMAIL,PHONENUMBER,HIREDATE,JOBID,SALARY,COMMISSIONPCT,MANAGERID,DEPARTMENTID) values ( 121,121,'Adam','Fripp','AFRIPP','650.123.2234',to_timestamp('10-APR-97','DD-MON-RR'),'ST_MAN',8200,null,100,50);
Insert into EMPLOYEES (OBJ_ID,EMPLOYEEID,FIRSTNAME,LASTNAME,EMAIL,PHONENUMBER,HIREDATE,JOBID,SALARY,COMMISSIONPCT,MANAGERID,DEPARTMENTID) values ( 122,122,'Payam','Kaufling','PKAUFLIN','650.123.3234',to_timestamp('01-MAY-95','DD-MON-RR'),'ST_MAN',7900,null,100,50);
Insert into EMPLOYEES (OBJ_ID,EMPLOYEEID,FIRSTNAME,LASTNAME,EMAIL,PHONENUMBER,HIREDATE,JOBID,SALARY,COMMISSIONPCT,MANAGERID,DEPARTMENTID) values ( 123,123,'Shanta','Vollman','SVOLLMAN','650.123.4234',to_timestamp('10-OCT-97','DD-MON-RR'),'ST_MAN',6500,null,100,50);
Insert into EMPLOYEES (OBJ_ID,EMPLOYEEID,FIRSTNAME,LASTNAME,EMAIL,PHONENUMBER,HIREDATE,JOBID,SALARY,COMMISSIONPCT,MANAGERID,DEPARTMENTID) values ( 124,124,'Kevin','Mourgos','KMOURGOS','650.123.5234',to_timestamp('16-NOV-99','DD-MON-RR'),'ST_MAN',5800,null,100,50);
Insert into EMPLOYEES (OBJ_ID,EMPLOYEEID,FIRSTNAME,LASTNAME,EMAIL,PHONENUMBER,HIREDATE,JOBID,SALARY,COMMISSIONPCT,MANAGERID,DEPARTMENTID) values ( 125,125,'Julia','Nayer','JNAYER','650.124.1214',to_timestamp('16-JUL-97','DD-MON-RR'),'ST_CLERK',3200,null,120,50);
Insert into EMPLOYEES (OBJ_ID,EMPLOYEEID,FIRSTNAME,LASTNAME,EMAIL,PHONENUMBER,HIREDATE,JOBID,SALARY,COMMISSIONPCT,MANAGERID,DEPARTMENTID) values ( 126,126,'Irene','Mikkilineni','IMIKKILI','650.124.1224',to_timestamp('28-SEP-98','DD-MON-RR'),'ST_CLERK',2700,null,120,50);
Insert into EMPLOYEES (OBJ_ID,EMPLOYEEID,FIRSTNAME,LASTNAME,EMAIL,PHONENUMBER,HIREDATE,JOBID,SALARY,COMMISSIONPCT,MANAGERID,DEPARTMENTID) values ( 127,127,'James','Landry','JLANDRY','650.124.1334',to_timestamp('14-JAN-99','DD-MON-RR'),'ST_CLERK',2400,null,120,50);
Insert into EMPLOYEES (OBJ_ID,EMPLOYEEID,FIRSTNAME,LASTNAME,EMAIL,PHONENUMBER,HIREDATE,JOBID,SALARY,COMMISSIONPCT,MANAGERID,DEPARTMENTID) values ( 128,128,'Steven','Markle','SMARKLE','650.124.1434',to_timestamp('08-MAR-00','DD-MON-RR'),'ST_CLERK',2200,null,120,50);
Insert into EMPLOYEES (OBJ_ID,EMPLOYEEID,FIRSTNAME,LASTNAME,EMAIL,PHONENUMBER,HIREDATE,JOBID,SALARY,COMMISSIONPCT,MANAGERID,DEPARTMENTID) values ( 129,129,'Laura','Bissot','LBISSOT','650.124.5234',to_timestamp('20-AUG-97','DD-MON-RR'),'ST_CLERK',3300,null,121,50);
Insert into EMPLOYEES (OBJ_ID,EMPLOYEEID,FIRSTNAME,LASTNAME,EMAIL,PHONENUMBER,HIREDATE,JOBID,SALARY,COMMISSIONPCT,MANAGERID,DEPARTMENTID) values ( 130,130,'Mozhe','Atkinson','MATKINSO','650.124.6234',to_timestamp('30-OCT-97','DD-MON-RR'),'ST_CLERK',2800,null,121,50);
Insert into EMPLOYEES (OBJ_ID,EMPLOYEEID,FIRSTNAME,LASTNAME,EMAIL,PHONENUMBER,HIREDATE,JOBID,SALARY,COMMISSIONPCT,MANAGERID,DEPARTMENTID) values ( 131,131,'James','Marlow','JAMRLOW','650.124.7234',to_timestamp('16-FEB-97','DD-MON-RR'),'ST_CLERK',2500,null,121,50);
Insert into EMPLOYEES (OBJ_ID,EMPLOYEEID,FIRSTNAME,LASTNAME,EMAIL,PHONENUMBER,HIREDATE,JOBID,SALARY,COMMISSIONPCT,MANAGERID,DEPARTMENTID) values ( 132,132,'TJ','Olson','TJOLSON','650.124.8234',to_timestamp('10-APR-99','DD-MON-RR'),'ST_CLERK',2100,null,121,50);
Insert into EMPLOYEES (OBJ_ID,EMPLOYEEID,FIRSTNAME,LASTNAME,EMAIL,PHONENUMBER,HIREDATE,JOBID,SALARY,COMMISSIONPCT,MANAGERID,DEPARTMENTID) values ( 133,133,'Jason','Mallin','JMALLIN','650.127.1934',to_timestamp('14-JUN-96','DD-MON-RR'),'ST_CLERK',3300,null,122,50);
Insert into EMPLOYEES (OBJ_ID,EMPLOYEEID,FIRSTNAME,LASTNAME,EMAIL,PHONENUMBER,HIREDATE,JOBID,SALARY,COMMISSIONPCT,MANAGERID,DEPARTMENTID) values ( 134,134,'Michael','Rogers','MROGERS','650.127.1834',to_timestamp('26-AUG-98','DD-MON-RR'),'ST_CLERK',2900,null,122,50);
Insert into EMPLOYEES (OBJ_ID,EMPLOYEEID,FIRSTNAME,LASTNAME,EMAIL,PHONENUMBER,HIREDATE,JOBID,SALARY,COMMISSIONPCT,MANAGERID,DEPARTMENTID) values ( 135,135,'Ki','Gee','KGEE','650.127.1734',to_timestamp('12-DEC-99','DD-MON-RR'),'ST_CLERK',2400,null,122,50);
Insert into EMPLOYEES (OBJ_ID,EMPLOYEEID,FIRSTNAME,LASTNAME,EMAIL,PHONENUMBER,HIREDATE,JOBID,SALARY,COMMISSIONPCT,MANAGERID,DEPARTMENTID) values ( 136,136,'Hazel','Philtanker','HPHILTAN','650.127.1634',to_timestamp('06-FEB-00','DD-MON-RR'),'ST_CLERK',2200,null,122,50);
Insert into EMPLOYEES (OBJ_ID,EMPLOYEEID,FIRSTNAME,LASTNAME,EMAIL,PHONENUMBER,HIREDATE,JOBID,SALARY,COMMISSIONPCT,MANAGERID,DEPARTMENTID) values ( 137,137,'Renske','Ladwig','RLADWIG','650.121.1234',to_timestamp('14-JUL-95','DD-MON-RR'),'ST_CLERK',3600,null,123,50);
Insert into EMPLOYEES (OBJ_ID,EMPLOYEEID,FIRSTNAME,LASTNAME,EMAIL,PHONENUMBER,HIREDATE,JOBID,SALARY,COMMISSIONPCT,MANAGERID,DEPARTMENTID) values ( 138,138,'Stephen','Stiles','SSTILES','650.121.2034',to_timestamp('26-OCT-97','DD-MON-RR'),'ST_CLERK',3200,null,123,50);
Insert into EMPLOYEES (OBJ_ID,EMPLOYEEID,FIRSTNAME,LASTNAME,EMAIL,PHONENUMBER,HIREDATE,JOBID,SALARY,COMMISSIONPCT,MANAGERID,DEPARTMENTID) values ( 139,139,'John','Seo','JSEO','650.121.2019',to_timestamp('12-FEB-98','DD-MON-RR'),'ST_CLERK',2700,null,123,50);
Insert into EMPLOYEES (OBJ_ID,EMPLOYEEID,FIRSTNAME,LASTNAME,EMAIL,PHONENUMBER,HIREDATE,JOBID,SALARY,COMMISSIONPCT,MANAGERID,DEPARTMENTID) values ( 140,140,'Joshua','Patel','JPATEL','650.121.1834',to_timestamp('06-APR-98','DD-MON-RR'),'ST_CLERK',2500,null,123,50);
Insert into EMPLOYEES (OBJ_ID,EMPLOYEEID,FIRSTNAME,LASTNAME,EMAIL,PHONENUMBER,HIREDATE,JOBID,SALARY,COMMISSIONPCT,MANAGERID,DEPARTMENTID) values ( 141,141,'Trenna','Rajs','TRAJS','650.121.8009',to_timestamp('17-OCT-95','DD-MON-RR'),'ST_CLERK',3500,null,124,50);
Insert into EMPLOYEES (OBJ_ID,EMPLOYEEID,FIRSTNAME,LASTNAME,EMAIL,PHONENUMBER,HIREDATE,JOBID,SALARY,COMMISSIONPCT,MANAGERID,DEPARTMENTID) values ( 142,142,'Curtis','Davies','CDAVIES','650.121.2994',to_timestamp('29-JAN-97','DD-MON-RR'),'ST_CLERK',3100,null,124,50);
Insert into EMPLOYEES (OBJ_ID,EMPLOYEEID,FIRSTNAME,LASTNAME,EMAIL,PHONENUMBER,HIREDATE,JOBID,SALARY,COMMISSIONPCT,MANAGERID,DEPARTMENTID) values ( 143,143,'Randall','Matos','RMATOS','650.121.2874',to_timestamp('15-MAR-98','DD-MON-RR'),'ST_CLERK',2600,null,124,50);
Insert into EMPLOYEES (OBJ_ID,EMPLOYEEID,FIRSTNAME,LASTNAME,EMAIL,PHONENUMBER,HIREDATE,JOBID,SALARY,COMMISSIONPCT,MANAGERID,DEPARTMENTID) values ( 144,144,'Peter','Vargas','PVARGAS','650.121.2004',to_timestamp('09-JUL-98','DD-MON-RR'),'ST_CLERK',2500,null,124,50);
Insert into EMPLOYEES (OBJ_ID,EMPLOYEEID,FIRSTNAME,LASTNAME,EMAIL,PHONENUMBER,HIREDATE,JOBID,SALARY,COMMISSIONPCT,MANAGERID,DEPARTMENTID) values ( 145,145,'John','Russell','JRUSSEL','011.44.1344.429268',to_timestamp('01-OCT-96','DD-MON-RR'),'SA_MAN',14000,0.4,100,80);
Insert into EMPLOYEES (OBJ_ID,EMPLOYEEID,FIRSTNAME,LASTNAME,EMAIL,PHONENUMBER,HIREDATE,JOBID,SALARY,COMMISSIONPCT,MANAGERID,DEPARTMENTID) values ( 146,146,'Karen','Partners','KPARTNER','011.44.1344.467268',to_timestamp('05-JAN-97','DD-MON-RR'),'SA_MAN',13500,0.3,100,80);
Insert into EMPLOYEES (OBJ_ID,EMPLOYEEID,FIRSTNAME,LASTNAME,EMAIL,PHONENUMBER,HIREDATE,JOBID,SALARY,COMMISSIONPCT,MANAGERID,DEPARTMENTID) values ( 147,147,'Alberto','Errazuriz','AERRAZUR','011.44.1344.429278',to_timestamp('10-MAR-97','DD-MON-RR'),'SA_MAN',12000,0.3,100,80);
Insert into EMPLOYEES (OBJ_ID,EMPLOYEEID,FIRSTNAME,LASTNAME,EMAIL,PHONENUMBER,HIREDATE,JOBID,SALARY,COMMISSIONPCT,MANAGERID,DEPARTMENTID) values ( 148,148,'Gerald','Cambrault','GCAMBRAU','011.44.1344.619268',to_timestamp('15-OCT-99','DD-MON-RR'),'SA_MAN',11000,0.3,100,80);
Insert into EMPLOYEES (OBJ_ID,EMPLOYEEID,FIRSTNAME,LASTNAME,EMAIL,PHONENUMBER,HIREDATE,JOBID,SALARY,COMMISSIONPCT,MANAGERID,DEPARTMENTID) values ( 149,149,'Eleni','Zlotkey','EZLOTKEY','011.44.1344.429018',to_timestamp('29-JAN-00','DD-MON-RR'),'SA_MAN',10500,0.2,100,80);
Insert into EMPLOYEES (OBJ_ID,EMPLOYEEID,FIRSTNAME,LASTNAME,EMAIL,PHONENUMBER,HIREDATE,JOBID,SALARY,COMMISSIONPCT,MANAGERID,DEPARTMENTID) values ( 150,150,'Peter','Tucker','PTUCKER','011.44.1344.129268',to_timestamp('30-JAN-97','DD-MON-RR'),'SA_REP',10000,0.3,145,80);
Insert into EMPLOYEES (OBJ_ID,EMPLOYEEID,FIRSTNAME,LASTNAME,EMAIL,PHONENUMBER,HIREDATE,JOBID,SALARY,COMMISSIONPCT,MANAGERID,DEPARTMENTID) values ( 151,151,'David','Bernstein','DBERNSTE','011.44.1344.345268',to_timestamp('24-MAR-97','DD-MON-RR'),'SA_REP',9500,0.25,145,80);
Insert into EMPLOYEES (OBJ_ID,EMPLOYEEID,FIRSTNAME,LASTNAME,EMAIL,PHONENUMBER,HIREDATE,JOBID,SALARY,COMMISSIONPCT,MANAGERID,DEPARTMENTID) values ( 152,152,'Peter','Hall','PHALL','011.44.1344.478968',to_timestamp('20-AUG-97','DD-MON-RR'),'SA_REP',9000,0.25,145,80);
Insert into EMPLOYEES (OBJ_ID,EMPLOYEEID,FIRSTNAME,LASTNAME,EMAIL,PHONENUMBER,HIREDATE,JOBID,SALARY,COMMISSIONPCT,MANAGERID,DEPARTMENTID) values ( 153,153,'Christopher','Olsen','COLSEN','011.44.1344.498718',to_timestamp('30-MAR-98','DD-MON-RR'),'SA_REP',8000,0.2,145,80);
Insert into EMPLOYEES (OBJ_ID,EMPLOYEEID,FIRSTNAME,LASTNAME,EMAIL,PHONENUMBER,HIREDATE,JOBID,SALARY,COMMISSIONPCT,MANAGERID,DEPARTMENTID) values ( 154,154,'Nanette','Cambrault','NCAMBRAU','011.44.1344.987668',to_timestamp('09-DEC-98','DD-MON-RR'),'SA_REP',7500,0.2,145,80);
Insert into EMPLOYEES (OBJ_ID,EMPLOYEEID,FIRSTNAME,LASTNAME,EMAIL,PHONENUMBER,HIREDATE,JOBID,SALARY,COMMISSIONPCT,MANAGERID,DEPARTMENTID) values ( 155,155,'Oliver','Tuvault','OTUVAULT','011.44.1344.486508',to_timestamp('23-NOV-99','DD-MON-RR'),'SA_REP',7000,0.15,145,80);
Insert into EMPLOYEES (OBJ_ID,EMPLOYEEID,FIRSTNAME,LASTNAME,EMAIL,PHONENUMBER,HIREDATE,JOBID,SALARY,COMMISSIONPCT,MANAGERID,DEPARTMENTID) values ( 156,156,'Janette','King','JKING','011.44.1345.429268',to_timestamp('30-JAN-96','DD-MON-RR'),'SA_REP',10000,0.35,146,80);
Insert into EMPLOYEES (OBJ_ID,EMPLOYEEID,FIRSTNAME,LASTNAME,EMAIL,PHONENUMBER,HIREDATE,JOBID,SALARY,COMMISSIONPCT,MANAGERID,DEPARTMENTID) values ( 157,157,'Patrick','Sully','PSULLY','011.44.1345.929268',to_timestamp('04-MAR-96','DD-MON-RR'),'SA_REP',9500,0.35,146,80);
Insert into EMPLOYEES (OBJ_ID,EMPLOYEEID,FIRSTNAME,LASTNAME,EMAIL,PHONENUMBER,HIREDATE,JOBID,SALARY,COMMISSIONPCT,MANAGERID,DEPARTMENTID) values ( 158,158,'Allan','McEwen','AMCEWEN','011.44.1345.829268',to_timestamp('01-AUG-96','DD-MON-RR'),'SA_REP',9000,0.35,146,80);
Insert into EMPLOYEES (OBJ_ID,EMPLOYEEID,FIRSTNAME,LASTNAME,EMAIL,PHONENUMBER,HIREDATE,JOBID,SALARY,COMMISSIONPCT,MANAGERID,DEPARTMENTID) values ( 159,159,'Lindsey','Smith','LSMITH','011.44.1345.729268',to_timestamp('10-MAR-97','DD-MON-RR'),'SA_REP',8000,0.3,146,80);
Insert into EMPLOYEES (OBJ_ID,EMPLOYEEID,FIRSTNAME,LASTNAME,EMAIL,PHONENUMBER,HIREDATE,JOBID,SALARY,COMMISSIONPCT,MANAGERID,DEPARTMENTID) values ( 160,160,'Louise','Doran','LDORAN','011.44.1345.629268',to_timestamp('15-DEC-97','DD-MON-RR'),'SA_REP',7500,0.3,146,80);
Insert into EMPLOYEES (OBJ_ID,EMPLOYEEID,FIRSTNAME,LASTNAME,EMAIL,PHONENUMBER,HIREDATE,JOBID,SALARY,COMMISSIONPCT,MANAGERID,DEPARTMENTID) values ( 161,161,'Sarath','Sewall','SSEWALL','011.44.1345.529268',to_timestamp('03-NOV-98','DD-MON-RR'),'SA_REP',7000,0.25,146,80);
Insert into EMPLOYEES (OBJ_ID,EMPLOYEEID,FIRSTNAME,LASTNAME,EMAIL,PHONENUMBER,HIREDATE,JOBID,SALARY,COMMISSIONPCT,MANAGERID,DEPARTMENTID) values ( 162,162,'Clara','Vishney','CVISHNEY','011.44.1346.129268',to_timestamp('11-NOV-97','DD-MON-RR'),'SA_REP',10500,0.25,147,80);
Insert into EMPLOYEES (OBJ_ID,EMPLOYEEID,FIRSTNAME,LASTNAME,EMAIL,PHONENUMBER,HIREDATE,JOBID,SALARY,COMMISSIONPCT,MANAGERID,DEPARTMENTID) values ( 163,163,'Danielle','Greene','DGREENE','011.44.1346.229268',to_timestamp('19-MAR-99','DD-MON-RR'),'SA_REP',9500,0.15,147,80);
Insert into EMPLOYEES (OBJ_ID,EMPLOYEEID,FIRSTNAME,LASTNAME,EMAIL,PHONENUMBER,HIREDATE,JOBID,SALARY,COMMISSIONPCT,MANAGERID,DEPARTMENTID) values ( 164,164,'Mattea','Marvins','MMARVINS','011.44.1346.329268',to_timestamp('24-JAN-00','DD-MON-RR'),'SA_REP',7200,0.1,147,80);
Insert into EMPLOYEES (OBJ_ID,EMPLOYEEID,FIRSTNAME,LASTNAME,EMAIL,PHONENUMBER,HIREDATE,JOBID,SALARY,COMMISSIONPCT,MANAGERID,DEPARTMENTID) values ( 165,165,'David','Lee','DLEE','011.44.1346.529268',to_timestamp('23-FEB-00','DD-MON-RR'),'SA_REP',6800,0.1,147,80);
Insert into EMPLOYEES (OBJ_ID,EMPLOYEEID,FIRSTNAME,LASTNAME,EMAIL,PHONENUMBER,HIREDATE,JOBID,SALARY,COMMISSIONPCT,MANAGERID,DEPARTMENTID) values ( 166,166,'Sundar','Ande','SANDE','011.44.1346.629268',to_timestamp('24-MAR-00','DD-MON-RR'),'SA_REP',6400,0.1,147,80);
Insert into EMPLOYEES (OBJ_ID,EMPLOYEEID,FIRSTNAME,LASTNAME,EMAIL,PHONENUMBER,HIREDATE,JOBID,SALARY,COMMISSIONPCT,MANAGERID,DEPARTMENTID) values ( 167,167,'Amit','Banda','ABANDA','011.44.1346.729268',to_timestamp('21-APR-00','DD-MON-RR'),'SA_REP',6200,0.1,147,80);
Insert into EMPLOYEES (OBJ_ID,EMPLOYEEID,FIRSTNAME,LASTNAME,EMAIL,PHONENUMBER,HIREDATE,JOBID,SALARY,COMMISSIONPCT,MANAGERID,DEPARTMENTID) values ( 168,168,'Lisa','Ozer','LOZER','011.44.1343.929268',to_timestamp('11-MAR-97','DD-MON-RR'),'SA_REP',11500,0.25,148,80);
Insert into EMPLOYEES (OBJ_ID,EMPLOYEEID,FIRSTNAME,LASTNAME,EMAIL,PHONENUMBER,HIREDATE,JOBID,SALARY,COMMISSIONPCT,MANAGERID,DEPARTMENTID) values ( 169,169,'Harrison','Bloom','HBLOOM','011.44.1343.829268',to_timestamp('23-MAR-98','DD-MON-RR'),'SA_REP',10000,0.2,148,80);
Insert into EMPLOYEES (OBJ_ID,EMPLOYEEID,FIRSTNAME,LASTNAME,EMAIL,PHONENUMBER,HIREDATE,JOBID,SALARY,COMMISSIONPCT,MANAGERID,DEPARTMENTID) values ( 170,170,'Tayler','Fox','TFOX','011.44.1343.729268',to_timestamp('24-JAN-98','DD-MON-RR'),'SA_REP',9600,0.2,148,80);
Insert into EMPLOYEES (OBJ_ID,EMPLOYEEID,FIRSTNAME,LASTNAME,EMAIL,PHONENUMBER,HIREDATE,JOBID,SALARY,COMMISSIONPCT,MANAGERID,DEPARTMENTID) values ( 171,171,'William','Smith','WSMITH','011.44.1343.629268',to_timestamp('23-FEB-99','DD-MON-RR'),'SA_REP',7400,0.15,148,80);
Insert into EMPLOYEES (OBJ_ID,EMPLOYEEID,FIRSTNAME,LASTNAME,EMAIL,PHONENUMBER,HIREDATE,JOBID,SALARY,COMMISSIONPCT,MANAGERID,DEPARTMENTID) values ( 172,172,'Elizabeth','Bates','EBATES','011.44.1343.529268',to_timestamp('24-MAR-99','DD-MON-RR'),'SA_REP',7300,0.15,148,80);
Insert into EMPLOYEES (OBJ_ID,EMPLOYEEID,FIRSTNAME,LASTNAME,EMAIL,PHONENUMBER,HIREDATE,JOBID,SALARY,COMMISSIONPCT,MANAGERID,DEPARTMENTID) values ( 173,173,'Sundita','Kumar','SKUMAR','011.44.1343.329268',to_timestamp('21-APR-00','DD-MON-RR'),'SA_REP',6100,0.1,148,80);
Insert into EMPLOYEES (OBJ_ID,EMPLOYEEID,FIRSTNAME,LASTNAME,EMAIL,PHONENUMBER,HIREDATE,JOBID,SALARY,COMMISSIONPCT,MANAGERID,DEPARTMENTID) values ( 174,174,'Ellen','Abel','EABEL','011.44.1644.429267',to_timestamp('11-MAY-96','DD-MON-RR'),'SA_REP',11000,0.3,149,80);
Insert into EMPLOYEES (OBJ_ID,EMPLOYEEID,FIRSTNAME,LASTNAME,EMAIL,PHONENUMBER,HIREDATE,JOBID,SALARY,COMMISSIONPCT,MANAGERID,DEPARTMENTID) values ( 175,175,'Alyssa','Hutton','AHUTTON','011.44.1644.429266',to_timestamp('19-MAR-97','DD-MON-RR'),'SA_REP',8800,0.25,149,80);
Insert into EMPLOYEES (OBJ_ID,EMPLOYEEID,FIRSTNAME,LASTNAME,EMAIL,PHONENUMBER,HIREDATE,JOBID,SALARY,COMMISSIONPCT,MANAGERID,DEPARTMENTID) values ( 176,176,'Jonathon','Taylor','JTAYLOR','011.44.1644.429265',to_timestamp('24-MAR-98','DD-MON-RR'),'SA_REP',8600,0.2,149,80);
Insert into EMPLOYEES (OBJ_ID,EMPLOYEEID,FIRSTNAME,LASTNAME,EMAIL,PHONENUMBER,HIREDATE,JOBID,SALARY,COMMISSIONPCT,MANAGERID,DEPARTMENTID) values ( 177,177,'Jack','Livingston','JLIVINGS','011.44.1644.429264',to_timestamp('23-APR-98','DD-MON-RR'),'SA_REP',8400,0.2,149,80);
Insert into EMPLOYEES (OBJ_ID,EMPLOYEEID,FIRSTNAME,LASTNAME,EMAIL,PHONENUMBER,HIREDATE,JOBID,SALARY,COMMISSIONPCT,MANAGERID,DEPARTMENTID) values ( 178,178,'Kimberely','Grant','KGRANT','011.44.1644.429263',to_timestamp('24-MAY-99','DD-MON-RR'),'SA_REP',7000,0.15,149,null);
Insert into EMPLOYEES (OBJ_ID,EMPLOYEEID,FIRSTNAME,LASTNAME,EMAIL,PHONENUMBER,HIREDATE,JOBID,SALARY,COMMISSIONPCT,MANAGERID,DEPARTMENTID) values ( 179,179,'Charles','Johnson','CJOHNSON','011.44.1644.429262',to_timestamp('04-JAN-00','DD-MON-RR'),'SA_REP',6200,0.1,149,80);
Insert into EMPLOYEES (OBJ_ID,EMPLOYEEID,FIRSTNAME,LASTNAME,EMAIL,PHONENUMBER,HIREDATE,JOBID,SALARY,COMMISSIONPCT,MANAGERID,DEPARTMENTID) values ( 180,180,'Winston','Taylor','WTAYLOR','650.507.9876',to_timestamp('24-JAN-98','DD-MON-RR'),'SH_CLERK',3200,null,120,50);
Insert into EMPLOYEES (OBJ_ID,EMPLOYEEID,FIRSTNAME,LASTNAME,EMAIL,PHONENUMBER,HIREDATE,JOBID,SALARY,COMMISSIONPCT,MANAGERID,DEPARTMENTID) values ( 181,181,'Jean','Fleaur','JFLEAUR','650.507.9877',to_timestamp('23-FEB-98','DD-MON-RR'),'SH_CLERK',3100,null,120,50);
Insert into EMPLOYEES (OBJ_ID,EMPLOYEEID,FIRSTNAME,LASTNAME,EMAIL,PHONENUMBER,HIREDATE,JOBID,SALARY,COMMISSIONPCT,MANAGERID,DEPARTMENTID) values ( 182,182,'Martha','Sullivan','MSULLIVA','650.507.9878',to_timestamp('21-JUN-99','DD-MON-RR'),'SH_CLERK',2500,null,120,50);
Insert into EMPLOYEES (OBJ_ID,EMPLOYEEID,FIRSTNAME,LASTNAME,EMAIL,PHONENUMBER,HIREDATE,JOBID,SALARY,COMMISSIONPCT,MANAGERID,DEPARTMENTID) values ( 183,183,'Girard','Geoni','GGEONI','650.507.9879',to_timestamp('03-FEB-00','DD-MON-RR'),'SH_CLERK',2800,null,120,50);
Insert into EMPLOYEES (OBJ_ID,EMPLOYEEID,FIRSTNAME,LASTNAME,EMAIL,PHONENUMBER,HIREDATE,JOBID,SALARY,COMMISSIONPCT,MANAGERID,DEPARTMENTID) values ( 184,184,'Nandita','Sarchand','NSARCHAN','650.509.1876',to_timestamp('27-JAN-96','DD-MON-RR'),'SH_CLERK',4200,null,121,50);
Insert into EMPLOYEES (OBJ_ID,EMPLOYEEID,FIRSTNAME,LASTNAME,EMAIL,PHONENUMBER,HIREDATE,JOBID,SALARY,COMMISSIONPCT,MANAGERID,DEPARTMENTID) values ( 185,185,'Alexis','Bull','ABULL','650.509.2876',to_timestamp('20-FEB-97','DD-MON-RR'),'SH_CLERK',4100,null,121,50);
Insert into EMPLOYEES (OBJ_ID,EMPLOYEEID,FIRSTNAME,LASTNAME,EMAIL,PHONENUMBER,HIREDATE,JOBID,SALARY,COMMISSIONPCT,MANAGERID,DEPARTMENTID) values ( 186,186,'Julia','Dellinger','JDELLING','650.509.3876',to_timestamp('24-JUN-98','DD-MON-RR'),'SH_CLERK',3400,null,121,50);
Insert into EMPLOYEES (OBJ_ID,EMPLOYEEID,FIRSTNAME,LASTNAME,EMAIL,PHONENUMBER,HIREDATE,JOBID,SALARY,COMMISSIONPCT,MANAGERID,DEPARTMENTID) values ( 187,187,'Anthony','Cabrio','ACABRIO','650.509.4876',to_timestamp('07-FEB-99','DD-MON-RR'),'SH_CLERK',3000,null,121,50);
Insert into EMPLOYEES (OBJ_ID,EMPLOYEEID,FIRSTNAME,LASTNAME,EMAIL,PHONENUMBER,HIREDATE,JOBID,SALARY,COMMISSIONPCT,MANAGERID,DEPARTMENTID) values ( 188,188,'Kelly','Chung','KCHUNG','650.505.1876',to_timestamp('14-JUN-97','DD-MON-RR'),'SH_CLERK',3800,null,122,50);
Insert into EMPLOYEES (OBJ_ID,EMPLOYEEID,FIRSTNAME,LASTNAME,EMAIL,PHONENUMBER,HIREDATE,JOBID,SALARY,COMMISSIONPCT,MANAGERID,DEPARTMENTID) values ( 189,189,'Jennifer','Dilly','JDILLY','650.505.2876',to_timestamp('13-AUG-97','DD-MON-RR'),'SH_CLERK',3600,null,122,50);
Insert into EMPLOYEES (OBJ_ID,EMPLOYEEID,FIRSTNAME,LASTNAME,EMAIL,PHONENUMBER,HIREDATE,JOBID,SALARY,COMMISSIONPCT,MANAGERID,DEPARTMENTID) values ( 190,190,'Timothy','Gates','TGATES','650.505.3876',to_timestamp('11-JUL-98','DD-MON-RR'),'SH_CLERK',2900,null,122,50);
Insert into EMPLOYEES (OBJ_ID,EMPLOYEEID,FIRSTNAME,LASTNAME,EMAIL,PHONENUMBER,HIREDATE,JOBID,SALARY,COMMISSIONPCT,MANAGERID,DEPARTMENTID) values ( 191,191,'Randall','Perkins','RPERKINS','650.505.4876',to_timestamp('19-DEC-99','DD-MON-RR'),'SH_CLERK',2500,null,122,50);
Insert into EMPLOYEES (OBJ_ID,EMPLOYEEID,FIRSTNAME,LASTNAME,EMAIL,PHONENUMBER,HIREDATE,JOBID,SALARY,COMMISSIONPCT,MANAGERID,DEPARTMENTID) values ( 192,192,'Sarah','Bell','SBELL','650.501.1876',to_timestamp('04-FEB-96','DD-MON-RR'),'SH_CLERK',4000,null,123,50);
Insert into EMPLOYEES (OBJ_ID,EMPLOYEEID,FIRSTNAME,LASTNAME,EMAIL,PHONENUMBER,HIREDATE,JOBID,SALARY,COMMISSIONPCT,MANAGERID,DEPARTMENTID) values ( 193,193,'Britney','Everett','BEVERETT','650.501.2876',to_timestamp('03-MAR-97','DD-MON-RR'),'SH_CLERK',3900,null,123,50);
Insert into EMPLOYEES (OBJ_ID,EMPLOYEEID,FIRSTNAME,LASTNAME,EMAIL,PHONENUMBER,HIREDATE,JOBID,SALARY,COMMISSIONPCT,MANAGERID,DEPARTMENTID) values ( 194,194,'Samuel','McCain','SMCCAIN','650.501.3876',to_timestamp('01-JUL-98','DD-MON-RR'),'SH_CLERK',3200,null,123,50);
Insert into EMPLOYEES (OBJ_ID,EMPLOYEEID,FIRSTNAME,LASTNAME,EMAIL,PHONENUMBER,HIREDATE,JOBID,SALARY,COMMISSIONPCT,MANAGERID,DEPARTMENTID) values ( 195,195,'Vance','Jones','VJONES','650.501.4876',to_timestamp('17-MAR-99','DD-MON-RR'),'SH_CLERK',2800,null,123,50);
Insert into EMPLOYEES (OBJ_ID,EMPLOYEEID,FIRSTNAME,LASTNAME,EMAIL,PHONENUMBER,HIREDATE,JOBID,SALARY,COMMISSIONPCT,MANAGERID,DEPARTMENTID) values ( 196,196,'Alana','Walsh','AWALSH','650.507.9811',to_timestamp('24-APR-98','DD-MON-RR'),'SH_CLERK',3100,null,124,50);
Insert into EMPLOYEES (OBJ_ID,EMPLOYEEID,FIRSTNAME,LASTNAME,EMAIL,PHONENUMBER,HIREDATE,JOBID,SALARY,COMMISSIONPCT,MANAGERID,DEPARTMENTID) values ( 197,197,'Kevin','Feeney','KFEENEY','650.507.9822',to_timestamp('23-MAY-98','DD-MON-RR'),'SH_CLERK',3000,null,124,50);
Insert into EMPLOYEES (OBJ_ID,EMPLOYEEID,FIRSTNAME,LASTNAME,EMAIL,PHONENUMBER,HIREDATE,JOBID,SALARY,COMMISSIONPCT,MANAGERID,DEPARTMENTID) values ( 198,198,'Donald','OConnell','DOCONNEL','650.507.9833',to_timestamp('21-JUN-99','DD-MON-RR'),'SH_CLERK',2600,null,124,50);
Insert into EMPLOYEES (OBJ_ID,EMPLOYEEID,FIRSTNAME,LASTNAME,EMAIL,PHONENUMBER,HIREDATE,JOBID,SALARY,COMMISSIONPCT,MANAGERID,DEPARTMENTID) values ( 199,199,'Douglas','Grant','DGRANT','650.507.9844',to_timestamp('13-JAN-00','DD-MON-RR'),'SH_CLERK',2600,null,124,50);
Insert into EMPLOYEES (OBJ_ID,EMPLOYEEID,FIRSTNAME,LASTNAME,EMAIL,PHONENUMBER,HIREDATE,JOBID,SALARY,COMMISSIONPCT,MANAGERID,DEPARTMENTID) values ( 200,200,'Jennifer','Whalen','JWHALEN','515.123.4444',to_timestamp('17-SEP-87','DD-MON-RR'),'AD_ASST',4400,null,101,10);
Insert into EMPLOYEES (OBJ_ID,EMPLOYEEID,FIRSTNAME,LASTNAME,EMAIL,PHONENUMBER,HIREDATE,JOBID,SALARY,COMMISSIONPCT,MANAGERID,DEPARTMENTID) values ( 201,201,'Michael','Hartstein','MHARTSTE','515.123.5555',to_timestamp('17-FEB-96','DD-MON-RR'),'MK_MAN',13000,null,100,20);
Insert into EMPLOYEES (OBJ_ID,EMPLOYEEID,FIRSTNAME,LASTNAME,EMAIL,PHONENUMBER,HIREDATE,JOBID,SALARY,COMMISSIONPCT,MANAGERID,DEPARTMENTID) values ( 202,202,'Pat','Fay','PFAY','603.123.6666',to_timestamp('17-AUG-97','DD-MON-RR'),'MK_REP',6000,null,201,20);
Insert into EMPLOYEES (OBJ_ID,EMPLOYEEID,FIRSTNAME,LASTNAME,EMAIL,PHONENUMBER,HIREDATE,JOBID,SALARY,COMMISSIONPCT,MANAGERID,DEPARTMENTID) values ( 203,203,'Susan','Mavris','SMAVRIS','515.123.7777',to_timestamp('07-JUN-94','DD-MON-RR'),'REP',6500,null,101,40);
Insert into EMPLOYEES (OBJ_ID,EMPLOYEEID,FIRSTNAME,LASTNAME,EMAIL,PHONENUMBER,HIREDATE,JOBID,SALARY,COMMISSIONPCT,MANAGERID,DEPARTMENTID) values ( 204,204,'Hermann','Baer','HBAER','515.123.8888',to_timestamp('07-JUN-94','DD-MON-RR'),'PR_REP',10000,null,101,70);
Insert into EMPLOYEES (OBJ_ID,EMPLOYEEID,FIRSTNAME,LASTNAME,EMAIL,PHONENUMBER,HIREDATE,JOBID,SALARY,COMMISSIONPCT,MANAGERID,DEPARTMENTID) values ( 205,205,'Shelley','Higgins','SHIGGINS','515.123.8080',to_timestamp('07-JUN-94','DD-MON-RR'),'AC_MGR',12000,null,101,110);
Insert into EMPLOYEES (OBJ_ID,EMPLOYEEID,FIRST_NAME,LASTNAME,EMAIL,PHONENUMBER,HIREDATE,JOBID,SALARY,COMMISSIONPCT,MANAGERID,DEPARTMENTID) values ( 206,206,'William','Gietz','WGIETZ','515.123.8181',to_timestamp('07-JUN-94','DD-MON-RR'),'AC_ACCOUNT',8300,null,205,110);

update employees set optlock =0;


Insert into JOB_HISTORY (OBJ_ID,EMPLOYEEID,START_DATE,END_DATE,JOBID,DEPARTMENTID) values ( 1000225,102,to_timestamp('13-JAN-93','DD-MON-RR HH.MI.SSXFF AM'),to_timestamp('24-JUL-98','DD-MON-RR HH.MI.SSXFF AM'),'IT_PROG',60);
Insert into JOB_HISTORY (OBJ_ID,EMPLOYEEID,START_DATE,END_DATE,JOBID,DEPARTMENTID) values ( 1000226,101,to_timestamp('21-SEP-89','DD-MON-RR HH.MI.SSXFF AM'),to_timestamp('27-OCT-93','DD-MON-RR HH.MI.SSXFF AM'),'AC_ACCOUNT',110);
Insert into JOB_HISTORY (OBJ_ID,EMPLOYEEID,START_DATE,END_DATE,JOBID,DEPARTMENTID) values ( 1000227,101,to_timestamp('28-OCT-93','DD-MON-RR HH.MI.SSXFF AM'),to_timestamp('15-MAR-97','DD-MON-RR HH.MI.SSXFF AM'),'AC_MGR',110);
Insert into JOB_HISTORY (OBJ_ID,EMPLOYEEID,START_DATE,END_DATE,JOBID,DEPARTMENTID) values ( 1000228,201,to_timestamp('17-FEB-96','DD-MON-RR HH.MI.SSXFF AM'),to_timestamp('19-DEC-99','DD-MON-RR HH.MI.SSXFF AM'),'MK_REP',20);
Insert into JOB_HISTORY (OBJ_ID,EMPLOYEEID,START_DATE,END_DATE,JOBID,DEPARTMENTID) values ( 1000229,114,to_timestamp('24-MAR-98','DD-MON-RR HH.MI.SSXFF AM'),to_timestamp('31-DEC-99','DD-MON-RR HH.MI.SSXFF AM'),'ST_CLERK',50);
Insert into JOB_HISTORY (OBJ_ID,EMPLOYEEID,START_DATE,END_DATE,JOBID,DEPARTMENTID) values ( 1000230,122,to_timestamp('01-JAN-99','DD-MON-RR HH.MI.SSXFF AM'),to_timestamp('31-DEC-99','DD-MON-RR HH.MI.SSXFF AM'),'ST_CLERK',50);
Insert into JOB_HISTORY (OBJ_ID,EMPLOYEEID,START_DATE,END_DATE,JOBID,DEPARTMENTID) values ( 1000231,200,to_timestamp('17-SEP-87','DD-MON-RR HH.MI.SSXFF AM'),to_timestamp('17-JUN-93','DD-MON-RR HH.MI.SSXFF AM'),'AD_ASST',90);
Insert into JOB_HISTORY (OBJ_ID,EMPLOYEEID,START_DATE,END_DATE,JOBID,DEPARTMENTID) values ( 1000232,176,to_timestamp('24-MAR-98','DD-MON-RR HH.MI.SSXFF AM'),to_timestamp('31-DEC-98','DD-MON-RR HH.MI.SSXFF AM'),'SA_REP',80);
Insert into JOB_HISTORY (OBJ_ID,EMPLOYEEID,START_DATE,END_DATE,JOBID,DEPARTMENTID) values ( 1000233,176,to_timestamp('01-JAN-99','DD-MON-RR HH.MI.SSXFF AM'),to_timestamp('31-DEC-99','DD-MON-RR HH.MI.SSXFF AM'),'SA_MAN',80);
Insert into JOB_HISTORY (OBJ_ID,EMPLOYEEID,START_DATE,END_DATE,JOBID,DEPARTMENTID) values ( 1000234,200,to_timestamp('01-JUL-94','DD-MON-RR HH.MI.SSXFF AM'),to_timestamp('31-DEC-98','DD-MON-RR HH.MI.SSXFF AM'),'AC_ACCOUNT',90);

update JOB_HISTORY set optlock =0;








Insert into SALGRADE (OBJ_ID,GRADE,LOSAL,HISAL) values ( 1000235,1,700,1200);
Insert into SALGRADE (OBJ_ID,GRADE,LOSAL,HISAL) values ( 1000236,2,1201,1400);
Insert into SALGRADE (OBJ_ID,GRADE,LOSAL,HISAL) values ( 1000237,3,1401,2000);
Insert into SALGRADE (OBJ_ID,GRADE,LOSAL,HISAL) values ( 1000238,4,2001,3000);
Insert into SALGRADE (OBJ_ID,GRADE,LOSAL,HISAL) values ( 1000239,5,3001,9999);


Insert into hrfeatures(obj_id,  description, featuregroup, featureid, featurename, 
                              featuretype, featureversion, linkstatus, linktype, locationid, nikname)
            VALUES (4000, 'Gold package', 'com.jibestream.package', 1000,'Gold',
                              'package','1.0','linked','availableFeature', 3000,'Gold');

Insert into hrfeatures(obj_id,  description, featuregroup, featureid, featurename, 
                              featuretype, featureversion, linkstatus, linktype, locationid, nikname)
            VALUES (4001, 'Bronze package', 'com.jibestream.package', 1002,'Bronze',
                              'package','1.0','linked','availableFeature', 3002,'Bronze');
update hrfeatures set optlock =0;

